{
	"credit": "Made with Blockbench",
	"parent": "minecraft:block/cross",
	"render_type": "minecraft:cutout",
	"textures": {
		"1": "delightful:block/salmonberry_bush_stage1",
		"particle": "delightful:block/salmonberry_bush_stage2",
		"cross": "delightful:block/salmonberry_bush_stage2"
	},
	"elements": [
		{
			"from": [0, -1, 0],
			"to": [16, 15, 0],
			"shade": false,
			"rotation": {"angle": -45, "axis": "y", "origin": [0, 0, 0], "rescale": true},
			"faces": {
				"north": {"uv": [16, 0, 0, 16], "texture": "#1"},
				"east": {"uv": [0, 0, 0, 8], "texture": "#1"},
				"south": {"uv": [0, 0, 16, 16], "texture": "#1"},
				"west": {"uv": [0, 0, 0, 8], "texture": "#1"},
				"up": {"uv": [0, 0, 16, 0], "texture": "#1"},
				"down": {"uv": [0, 0, 16, 0], "texture": "#1"}
			}
		},
		{
			"from": [0, -1, 16],
			"to": [16, 15, 16],
			"shade": false,
			"rotation": {"angle": 45, "axis": "y", "origin": [0, 0, 16], "rescale": true},
			"faces": {
				"north": {"uv": [0, 0, 16, 16], "texture": "#1"},
				"east": {"uv": [0, 0, 0, 8], "texture": "#1"},
				"south": {"uv": [16, 0, 0, 16], "texture": "#1"},
				"west": {"uv": [0, 0, 0, 8], "texture": "#1"},
				"up": {"uv": [0, 0, 16, 0], "texture": "#1"},
				"down": {"uv": [0, 0, 16, 0], "texture": "#1"}
			}
		},
		{
			"from": [3, 3, 3],
			"to": [5, 5, 5],
			"rotation": {"angle": 0, "axis": "y", "origin": [3, 3, 3]},
			"faces": {
				"north": {"uv": [5, 7, 7, 9], "texture": "#cross"},
				"east": {"uv": [5, 7, 7, 9], "texture": "#cross"},
				"south": {"uv": [5, 7, 7, 9], "texture": "#cross"},
				"west": {"uv": [5, 7, 7, 9], "texture": "#cross"},
				"up": {"uv": [5, 7, 7, 9], "texture": "#cross"},
				"down": {"uv": [5, 7, 7, 9], "texture": "#cross"}
			}
		},
		{
			"from": [5, 10, 5],
			"to": [7, 12, 7],
			"rotation": {"angle": 0, "axis": "y", "origin": [5, 10, 5]},
			"faces": {
				"north": {"uv": [5, 7, 7, 9], "texture": "#cross"},
				"east": {"uv": [5, 7, 7, 9], "texture": "#cross"},
				"south": {"uv": [5, 7, 7, 9], "texture": "#cross"},
				"west": {"uv": [5, 7, 7, 9], "texture": "#cross"},
				"up": {"uv": [5, 7, 7, 9], "texture": "#cross"},
				"down": {"uv": [5, 7, 7, 9], "texture": "#cross"}
			}
		},
		{
			"from": [10, 3, 10],
			"to": [12, 5, 12],
			"rotation": {"angle": 0, "axis": "y", "origin": [10, 3, 10]},
			"faces": {
				"north": {"uv": [5, 7, 7, 9], "texture": "#cross"},
				"east": {"uv": [5, 7, 7, 9], "texture": "#cross"},
				"south": {"uv": [5, 7, 7, 9], "texture": "#cross"},
				"west": {"uv": [5, 7, 7, 9], "texture": "#cross"},
				"up": {"uv": [5, 7, 7, 9], "texture": "#cross"},
				"down": {"uv": [5, 7, 7, 9], "texture": "#cross"}
			}
		},
		{
			"from": [9, 8, 9],
			"to": [11, 10, 11],
			"rotation": {"angle": 0, "axis": "y", "origin": [9, 8, 9]},
			"faces": {
				"north": {"uv": [5, 7, 7, 9], "texture": "#cross"},
				"east": {"uv": [5, 7, 7, 9], "texture": "#cross"},
				"south": {"uv": [5, 7, 7, 9], "texture": "#cross"},
				"west": {"uv": [5, 7, 7, 9], "texture": "#cross"},
				"up": {"uv": [5, 7, 7, 9], "texture": "#cross"},
				"down": {"uv": [5, 7, 7, 9], "texture": "#cross"}
			}
		},
		{
			"from": [9, 9, 5],
			"to": [11, 11, 7],
			"rotation": {"angle": 0, "axis": "y", "origin": [9, 9, 5]},
			"faces": {
				"north": {"uv": [5, 7, 7, 9], "texture": "#cross"},
				"east": {"uv": [5, 7, 7, 9], "texture": "#cross"},
				"south": {"uv": [5, 7, 7, 9], "texture": "#cross"},
				"west": {"uv": [5, 7, 7, 9], "texture": "#cross"},
				"up": {"uv": [5, 7, 7, 9], "texture": "#cross"},
				"down": {"uv": [5, 7, 7, 9], "texture": "#cross"}
			}
		},
		{
			"from": [3, 5, 11],
			"to": [5, 7, 13],
			"rotation": {"angle": 0, "axis": "y", "origin": [3, 5, 11]},
			"faces": {
				"north": {"uv": [5, 7, 7, 9], "texture": "#cross"},
				"east": {"uv": [5, 7, 7, 9], "texture": "#cross"},
				"south": {"uv": [5, 7, 7, 9], "texture": "#cross"},
				"west": {"uv": [5, 7, 7, 9], "texture": "#cross"},
				"up": {"uv": [5, 7, 7, 9], "texture": "#cross"},
				"down": {"uv": [5, 7, 7, 9], "texture": "#cross"}
			}
		}
	]
}