{
	"credit": "Made with Blockbench",
	"parent": "minecraft:block/cross",
	"render_type": "minecraft:cutout",
	"textures": {
		"1": "farmersdelight:block/beetroots_fruit",
		"2": "minecraft:block/dirt",
		"particle": "farmersdelight:block/beetroots_fruit",
		"cross": "farmersdelight:block/wild_beetroots"
	},
	"elements": [
		{
			"from": [0, 0, 3.25],
			"to": [0, 16, 19.25],
			"rotation": {"angle": 45, "axis": "y", "origin": [0, 0, 0]},
			"faces": {
				"north": {"uv": [0, 0, 0, 16], "texture": "#missing"},
				"east": {"uv": [0, 0, 16, 16], "texture": "#cross"},
				"south": {"uv": [0, 0, 0, 16], "texture": "#missing"},
				"west": {"uv": [0, 0, 16, 16], "texture": "#cross"},
				"up": {"uv": [0, 0, 0, 16], "texture": "#missing"},
				"down": {"uv": [0, 0, 0, 16], "texture": "#missing"}
			}
		},
		{
			"from": [-8, 0, 11.25],
			"to": [8, 16, 11.25],
			"rotation": {"angle": 45, "axis": "y", "origin": [0, 0, 0]},
			"faces": {
				"north": {"uv": [0, 0, 16, 16], "texture": "#cross"},
				"east": {"uv": [0, 0, 0, 16], "texture": "#cross"},
				"south": {"uv": [0, 0, 16, 16], "texture": "#cross"},
				"west": {"uv": [0, 0, 0, 16], "texture": "#cross"},
				"up": {"uv": [0, 0, 16, 0], "texture": "#missing"},
				"down": {"uv": [0, 0, 16, 0], "texture": "#missing"}
			}
		},
		{
			"from": [6, 0, 6],
			"to": [10, 2, 10],
			"faces": {
				"north": {"uv": [5, 6, 9, 8], "texture": "#1"},
				"east": {"uv": [5, 6, 9, 8], "texture": "#1"},
				"south": {"uv": [5, 6, 9, 8], "texture": "#1"},
				"west": {"uv": [5, 6, 9, 8], "texture": "#1"},
				"up": {"uv": [5, 2, 9, 6], "texture": "#1"},
				"down": {"uv": [9, 0, 13, 4], "texture": "#1"}
			}
		},
		{
			"from": [5, 0, 5],
			"to": [11, 1, 11],
			"faces": {
				"north": {"uv": [5, 4, 11, 5], "texture": "#2"},
				"east": {"uv": [11, 5, 12, 11], "rotation": 90, "texture": "#2"},
				"south": {"uv": [5, 11, 11, 12], "texture": "#2"},
				"west": {"uv": [4, 5, 5, 11], "rotation": 270, "texture": "#2"},
				"up": {"uv": [5, 5, 11, 11], "texture": "#2"},
				"down": {"uv": [5, 5, 11, 11], "texture": "#2"}
			}
		}
	]
}
