{
	"parent": "block/block",
	"render_type": "minecraft:cutout",
	"ambientocclusion": false,
	"textures": {
		"leaves": "farmersrespite:block/coffee_bush_leaves",
		"stem": "farmersrespite:block/coffee_stem_base",
		"particle": "block/flower_pot",
		"flowerpot": "block/flower_pot",
		"dirt": "block/dirt",
		"top": "farmersrespite:block/coffee_bush_top",
		"side": "farmersrespite:block/coffee_bush_side"
	},
	"elements": [
		{
			"from": [5, 0, 5],
			"to": [6, 6, 11],
			"faces": {
				"north": {"uv": [10, 10, 11, 16], "texture": "#flowerpot"},
				"east": {"uv": [5, 10, 11, 16], "texture": "#flowerpot"},
				"south": {"uv": [5, 10, 6, 16], "texture": "#flowerpot"},
				"west": {"uv": [5, 10, 11, 16], "texture": "#flowerpot"},
				"up": {"uv": [5, 5, 6, 11], "texture": "#flowerpot"},
				"down": {"uv": [5, 5, 6, 11], "texture": "#flowerpot", "cullface": "down"}
			}
		},
		{
			"from": [10, 0, 5],
			"to": [11, 6, 11],
			"faces": {
				"north": {"uv": [5, 10, 6, 16], "texture": "#flowerpot"},
				"east": {"uv": [5, 10, 11, 16], "texture": "#flowerpot"},
				"south": {"uv": [10, 10, 11, 16], "texture": "#flowerpot"},
				"west": {"uv": [5, 10, 11, 16], "texture": "#flowerpot"},
				"up": {"uv": [10, 5, 11, 11], "texture": "#flowerpot"},
				"down": {"uv": [10, 5, 11, 11], "texture": "#flowerpot", "cullface": "down"}
			}
		},
		{
			"from": [6, 0, 5],
			"to": [10, 6, 6],
			"faces": {
				"north": {"uv": [6, 10, 10, 16], "texture": "#flowerpot"},
				"south": {"uv": [6, 10, 10, 16], "texture": "#flowerpot"},
				"up": {"uv": [6, 5, 10, 6], "texture": "#flowerpot"},
				"down": {"uv": [6, 10, 10, 11], "texture": "#flowerpot", "cullface": "down"}
			}
		},
		{
			"from": [6, 0, 10],
			"to": [10, 6, 11],
			"faces": {
				"north": {"uv": [6, 10, 10, 16], "texture": "#flowerpot"},
				"south": {"uv": [6, 10, 10, 16], "texture": "#flowerpot"},
				"up": {"uv": [6, 10, 10, 11], "texture": "#flowerpot"},
				"down": {"uv": [6, 5, 10, 6], "texture": "#flowerpot", "cullface": "down"}
			}
		},
		{
			"from": [6, 0, 6],
			"to": [10, 4, 10],
			"faces": {
				"up": {"uv": [6, 6, 10, 10], "texture": "#dirt"},
				"down": {"uv": [6, 12, 10, 16], "texture": "#flowerpot", "cullface": "down"}
			}
		},
		{
			"from": [3, 16.9, 3],
			"to": [13, 17, 13],
			"faces": {
				"up": {"uv": [4, 4, 12, 12], "texture": "#top", "cullface": "up"},
				"down": {"uv": [4, 12, 12, 4], "texture": "#top"}
			}
		},
		{
			"from": [3, 7, 3],
			"to": [13, 17, 3],
			"faces": {
				"north": {"uv": [3, 1, 13, 11], "texture": "#side"},
				"south": {"uv": [13, 1, 3, 11], "texture": "#side"}
			}
		},
		{
			"from": [3, 7, 13],
			"to": [13, 17, 13],
			"faces": {
				"north": {"uv": [13, 2, 3, 12], "texture": "#side"},
				"south": {"uv": [3, 1, 13, 11], "texture": "#side"}
			}
		},
		{
			"from": [3, 7, 3],
			"to": [3, 17, 13],
			"faces": {
				"east": {"uv": [13, 1, 3, 11], "texture": "#side"},
				"west": {"uv": [3, 1, 13, 11], "texture": "#side"}
			}
		},
		{
			"from": [13, 7, 3],
			"to": [13, 17, 13],
			"faces": {
				"east": {"uv": [3, 1, 13, 11], "texture": "#side"},
				"west": {"uv": [13, 1, 3, 11], "texture": "#side"}
			}
		},
		{
			"from": [6, 4, 6],
			"to": [10, 16.99, 10],
			"faces": {
				"north": {"uv": [0, 0, 4, 12.99], "texture": "#stem"},
				"east": {"uv": [0, 0, 4, 12.99], "texture": "#stem"},
				"south": {"uv": [0, 0, 4, 12.99], "texture": "#stem"},
				"west": {"uv": [0, 0, 4, 12.99], "texture": "#stem"},
				"up": {"uv": [4, 0, 8, 4], "texture": "#stem"},
				"down": {"uv": [4, 0, 8, 4], "texture": "#stem"}
			}
		},
		{
			"from": [8, 17, 1],
			"to": [8, 21, 15],
			"rotation": {"angle": -45, "axis": "y", "origin": [8, 8, 8]},
			"faces": {
				"east": {"uv": [1, 10, 15, 16], "texture": "#leaves"},
				"west": {"uv": [1, 10, 15, 16], "texture": "#leaves"}
			}
		},
		{
			"from": [8, 17, 1],
			"to": [8, 22, 15],
			"rotation": {"angle": 45, "axis": "y", "origin": [8, 8, 8]},
			"faces": {
				"east": {"uv": [1, 10, 15, 16], "texture": "#leaves"},
				"west": {"uv": [1, 10, 15, 16], "texture": "#leaves"}
			}
		}
	]
}