{
	"credit": "Made with Blockbench",
	"parent": "minecraft:block/template_torch",
	"render_type": "minecraft:cutout",
	"textures": {
		"1": "mynethersdelight:block/powdery_top_bloomed",
		"torch": "mynethersdelight:block/powdery_torch_base",
		"particle": "mynethersdelight:block/powdery_torch"
	},
	"elements": [
		{
			"from": [-1, 3.5, 7],
			"to": [1, 13.5, 9],
			"shade": false,
			"rotation": {"angle": -22.5, "axis": "z", "origin": [0, 3.5, 8]},
			"faces": {
				"north": {"uv": [0, 0, 0, 0], "texture": "#torch"},
				"east": {"uv": [0, 0, 0, 0], "texture": "#torch"},
				"south": {"uv": [0, 0, 0, 0], "texture": "#torch"},
				"west": {"uv": [0, 0, 0, 0], "texture": "#torch"},
				"up": {"uv": [7, 6, 9, 8], "texture": "#torch"},
				"down": {"uv": [7, 13, 9, 15], "texture": "#torch"}
			}
		},
		{
			"from": [-1, 3.5, 0],
			"to": [1, 19.5, 16],
			"shade": false,
			"rotation": {"angle": -22.5, "axis": "z", "origin": [0, 3.5, 8]},
			"faces": {
				"north": {"uv": [0, 0, 0, 0], "texture": "#torch"},
				"east": {"uv": [0, 0, 16, 16], "texture": "#torch"},
				"south": {"uv": [0, 0, 0, 0], "texture": "#torch"},
				"west": {"uv": [0, 0, 16, 16], "texture": "#torch"},
				"up": {"uv": [0, 0, 0, 0], "texture": "#torch"},
				"down": {"uv": [0, 0, 0, 0], "texture": "#torch"}
			}
		},
		{
			"from": [-8, 3.5, 7],
			"to": [8, 19.5, 9],
			"shade": false,
			"rotation": {"angle": -22.5, "axis": "z", "origin": [0, 3.5, 8]},
			"faces": {
				"north": {"uv": [0, 0, 16, 16], "texture": "#torch"},
				"east": {"uv": [0, 0, 0, 0], "texture": "#torch"},
				"south": {"uv": [0, 0, 16, 16], "texture": "#torch"},
				"west": {"uv": [0, 0, 0, 0], "texture": "#torch"},
				"up": {"uv": [0, 0, 0, 0], "texture": "#torch"},
				"down": {"uv": [0, 0, 0, 0], "texture": "#torch"}
			}
		},
		{
			"from": [-1, 12.5, 6],
			"to": [1, 13.5, 10],
			"rotation": {"angle": -22.5, "axis": "z", "origin": [0, 3.5, 8]},
			"faces": {
				"north": {"uv": [6, 9, 8, 10], "texture": "#1"},
				"east": {"uv": [6, 9, 10, 10], "texture": "#1"},
				"south": {"uv": [6, 9, 8, 10], "texture": "#1"},
				"west": {"uv": [6, 9, 10, 10], "texture": "#1"},
				"up": {"uv": [6, 9, 8, 13], "texture": "#1"},
				"down": {"uv": [6, 9, 8, 13], "texture": "#1"}
			}
		},
		{
			"from": [-2, 12.5, 7],
			"to": [2, 13.5, 9],
			"rotation": {"angle": -22.5, "axis": "z", "origin": [0, 3.5, 8]},
			"faces": {
				"north": {"uv": [6, 9, 10, 10], "texture": "#1"},
				"east": {"uv": [6, 9, 8, 10], "texture": "#1"},
				"south": {"uv": [6, 9, 10, 10], "texture": "#1"},
				"west": {"uv": [6, 9, 8, 10], "texture": "#1"},
				"up": {"uv": [6, 9, 8, 13], "rotation": 270, "texture": "#1"},
				"down": {"uv": [6, 9, 8, 13], "rotation": 90, "texture": "#1"}
			}
		},
		{
			"from": [-1, 13.5, 7],
			"to": [1, 14.5, 9],
			"rotation": {"angle": -22.5, "axis": "z", "origin": [0, 3.5, 8]},
			"faces": {
				"north": {"uv": [6, 10, 8, 9], "texture": "#1"},
				"east": {"uv": [6, 10, 8, 9], "texture": "#1"},
				"south": {"uv": [6, 10, 8, 9], "texture": "#1"},
				"west": {"uv": [6, 10, 8, 9], "texture": "#1"},
				"up": {"uv": [6, 9, 8, 11], "texture": "#1"},
				"down": {"uv": [6, 9, 8, 11], "texture": "#1"}
			}
		},
		{
			"from": [-1, 11.5, 7],
			"to": [1, 12.5, 9],
			"rotation": {"angle": -22.5, "axis": "z", "origin": [0, 3.5, 8]},
			"faces": {
				"north": {"uv": [6, 10, 8, 9], "texture": "#1"},
				"east": {"uv": [6, 10, 8, 9], "texture": "#1"},
				"south": {"uv": [6, 10, 8, 9], "texture": "#1"},
				"west": {"uv": [6, 10, 8, 9], "texture": "#1"},
				"up": {"uv": [6, 9, 8, 11], "texture": "#1"},
				"down": {"uv": [6, 9, 8, 11], "texture": "#1"}
			}
		}
	]
}